# 16 MB partition table with MoonBase: a factory recovery image, ONE app slot, and the flash
# the second OTA slot used to hold given to the filesystem.
#
# The same trade the 4 MB table makes (4mb_moonbase.csv), taken deliberately rather than
# out of necessity. Dual-OTA spends half the app area on a second copy of the firmware that is
# idle except during an update; MoonBase is a small image that owns the device while the app is
# replaced, so one app slot is enough. On 16 MB that returns 4 MB, and it goes to LittleFS:
# 11264 KB instead of 7168 KB, which is where the space is actually useful (MoonLive scripts,
# effect assets, captures).
#
# A separate file rather than an edit to ota_16mb.csv, which the S3-N16R8 and P4 images share:
# changing that in place would repartition those boards too. A device flashed with the old
# table keeps it until a FULL serial flash, since OTA updates the app and never the table.
#
# Layout (16 MB = 0x1000000):
#   0x9000-0xDFFF      nvs        (   20 KB)
#   0xE000-0xFFFF      otadata    (    8 KB)
#   0x10000-0xEFFFF    moonbase   (  896 KB)  -> factory, the recovery image (see moonbase/)
#   0xF0000-0x4EFFFF   app        ( 4096 KB)  -> ota_0, the only app slot
#   0x4F0000-0xFEFFFF  spiffs     (11264 KB)  -> LittleFS state
#   0xFF0000-0xFFFFFF  coredump   (   64 KB)
#
# Name,     Type, SubType,  Offset,   Size,     Flags
nvs,        data, nvs,      0x9000,   0x5000,
otadata,    data, ota,      0xe000,   0x2000,
moonbase,   app,  factory,  0x10000,  0xE0000,
app,        app,  ota_0,    0xF0000,  0x400000,
spiffs,     data, spiffs,   0x4F0000, 0xB00000,
coredump,   data, coredump, 0xFF0000, 0x10000,
